{
  "project_info": {
    "project_number": "544631063265",
    "project_id": "flash-chat-a77c3",
    "storage_bucket": "flash-chat-a77c3.appspot.com"
  },
  "client": [
    {
      "client_info": {
        "mobilesdk_app_id": "1:544631063265:android:95ce651058d20660fbeda0",
        "android_client_info": {
          "package_name": "com.atharva.flash_chat"
        }
      },
      "oauth_client": [
        {
          "client_id": "544631063265-ft61mo023qdr3m8684v28gpgrqg5016o.apps.googleusercontent.com",
          "client_type": 3
        }
      ],
      "api_key": [
        {
          "current_key": "AIzaSyDHmvLjz4W7cnk71apeU7QV75_Z7o1T2vs"
        }
      ],
      "services": {
        "appinvite_service": {
          "other_platform_oauth_client": [
            {
              "client_id": "544631063265-ft61mo023qdr3m8684v28gpgrqg5016o.apps.googleusercontent.com",
              "client_type": 3
            }
          ]
        }
      }
    }
  ],
  "configuration_version": "1"
}